Names,Correlations
Population,-0.08376609186856607
Persons Per Household,0.36243407276312195
Average House Value (USD),0.19398086222981614
Income Per Household (USD),0.6850346508081455
Latitude,0.1099946621189037
Longitude,0.12086886248833183
Elevation (ft),-0.023540991504877595
Population Density (persons/sq mi),-0.20889311216420103
Electricity (kWh),0.5768390349819297
Natural Gas (cu ft),0.29946260466377744
Vehicle Miles Traveled,0.8124459117758686
Households Per Zip Code,-0.1398604899445061
